Sample,PGS ID,Trait,Adjusted,Unadjusted,Bias %,Interpretation
Trent,PGS002308,Type 2 Diabetes,0.39226,0.437142,-10.267144314662051,⚠️ Overestimate
Trent,PGS004034,Alzheimer's Disease,1.622525,1.677841,-3.296855899933303,✓ Minimal bias
Trent,PGS000027,BMI,38.640246,17.71773,118.0880169186459,⚠️ SEVERE UNDERESTIMATE
Trent,PGS004237,CAD,-0.270452,-0.259845,-4.082048913775533,✓ Minimal bias
Trent,PGS004696,CHD,-0.98826,-0.184619,-435.2970171000818,⚠️ SEVERE OVERESTIMATE
