Trait,PGS ID,Method,LD-Aware,Raw Score,Variants Scored,From VCF,From Reference,Coverage (%)
Type 2 Diabetes,PGS002308,PRS-CSx,✅,0.39199000000000006,1259279,608559,650720,99.96229422569803
Alzheimer's Disease,PGS004034,LDpred2-auto,✅,1.622468,1046579,555676,490903,99.96857412494698
Body Mass Index,PGS000027,LDpred,✅,38.637986999999995,2099995,1083253,1016742,99.98538305443694
Coronary Artery Disease,PGS004237,LDpred,✅,-0.27048300000000003,1146039,600733,545306,99.95883162045544
