PGS ID,Trait,Method,LD-Aware,Raw Score,Variants Scored,From VCF,From Reference,Coverage (%)
PGS002308,Type 2 Diabetes,PRS-CSx,✅,0.39199000000000006,1259279,608559,650720,99.96229422569803
PGS004034,Alzheimer's Disease,LDpred2-auto,✅,1.622468,1046579,555676,490903,99.96857412494698
PGS000027,Body Mass Index,LDpred,✅,38.637986999999995,2099995,1083253,1016742,99.98538305443694
PGS004237,Coronary Artery Disease,LDpred,✅,-0.27048300000000003,1146039,600733,545306,99.95883162045544
PGS005236,Coronary Artery Disease,AnnoPred,✅,0.3163919,N/A,N/A,N/A,N/A
PGS001355,Coronary Artery Disease,AnnoPred,✅,0.3155421,N/A,N/A,N/A,N/A
